mata@test.net	ひおき　まさむね	ひおき　まさむね	部長	2200	企画部	 	 	1190	1	1
siitaafe@test.net	さわだ　のりまさ	さわだ　のりまさ	地理空間情報政策調整官	2200	企画部	 	 	1210	1	1
tikiyise@test.net	しょうだ　まさみ	しょうだ　まさみ	防災企画官	2200	企画部	 	 	1220	1	1
mnikimefi@test.net	ひおき　しんじ	ひおき　しんじ	測量政策調整官	2200	企画部	 	 	1230	1	1
sendi@test.net	まつもと　しのぶ	まつもと　しのぶ	国際観測企画官	2200	企画部	 	 	1240	1	1
kime@test.net	かねだ　まみこ	かねだ　まみこ	地理空間情報国際標準分析官	2200	企画部	 	 	1250	1	1
sisijihi@test.net	さいとう　ただし	さいとう　ただし	課長	2210	企画部	企画調整課	 	1290	1	1
anakon@test.net	やまき　たかし	やまき　たかし	課長補佐	2210	企画部	企画調整課	 	1300	1	1
mshinahifi@test.net	すずき　ひろし	すずき　ひろし	課長補佐	2210	企画部	企画調整課	 	1310	1	1
nyashihitse@test.net	すぎた　かつみ	すぎた　かつみ	専門職	2210	企画部	企画調整課	 	1320	1	1
gisifi@test.net	しいな　のりかつ	しいな　のりかつ	調査専門職	2210	企画部	企画調整課	 	1330	1	1
yiyai@test.net	いざわ　さつき	いざわ　さつき	係長	2211	企画部	企画調整課	総務係	1340	1	1
smaga@test.net	もとじま　たかたけ	もとじま　たかたけ	主任	2211	企画部	企画調整課	総務係	1350	1	1
mama@test.net	もと　あきお	もと　あきお	係長	2212	企画部	企画調整課	管理係	1360	1	1
shidi@test.net	こしだ　かずまさ	こしだ　かずまさ	係長	2213	企画部	企画調整課	企画係	1370	1	1
witihiki@test.net	はせがわ　いなほ	はせがわ　いなほ	係員	2213	企画部	企画調整課	企画係	1380	1	1
iishikiwi@test.net	いくしま　のぶゆき	いくしま　のぶゆき	係員	2213	企画部	企画調整課	企画係	1390	1	1
hiyigiwi@test.net	すどう　かほ	すどう　かほ	係長	2214	企画部	企画調整課	企画調整係	1400	1	1
yemata@test.net	ゆもと　けいこ	ゆもと　けいこ	係長	2215	企画部	企画調整課	研究調整係	1410	1	1
shimana@test.net	はちじょう　まこと	はちじょう　まこと	係員	2215	企画部	企画調整課	研究調整係	1430	1	1
tikisya@test.net	まがき　ちあき	まがき　ちあき	係員	2215	企画部	企画調整課	研究調整係	1430	1	1
tiniki@test.net	たちかわ　ほのり	たちかわ　ほのり	課長	2220	企画部	技術管理課	 	1440	1	1
hiesiwi@test.net	はせがわ　しろう	はせがわ　しろう	係長	2221	企画部	技術管理課	技術管理係	1470	1	1
hiedi3@test.net	ひがし　としこ	ひがし　としこ	係長	2222	企画部	技術管理課	基準係	1480	1	1
hieshihi@test.net	ごとう　りょうこ	ごとう　りょうこ	係長	2223	企画部	技術管理課	国際標準係	1500	1	1
gin@test.net	すずき　ひろこ	すずき　ひろこ	課長	2230	企画部	測量指導課	 	1510	1	1
geji@test.net	せがわ　もえ	せがわ　もえ	課長補佐	2230	企画部	測量指導課	 	1520	1	1
esiki@test.net	みた　あすな	みた　あすな	技術専門員	2230	企画部	測量指導課	 	1540	1	1
tayati@test.net	すずき　ひみか	すずき　ひみか	専門職	2230	企画部	測量指導課	 	1560	1	1
hiwii@test.net	かんの　ひでき	かんの　ひでき	係長	2231	企画部	測量指導課	技術振興係	1570	1	1
kasege@test.net	やまもと　りこ	やまもと　りこ	係長	2232	企画部	測量指導課	統計調査係	1580	1	1
aniki@test.net	きたうら　のりこ	きたうら　のりこ	係長	2233	企画部	測量指導課	公共測量係	1590	1	1
hinige@test.net	いもと　えいじ	いもと　えいじ	係長	2234	企画部	測量指導課	公共測量成果係	1600	1	1
kitimefi@test.net	やまもと　りょうじ	やまもと　りょうじ	課長	2240	企画部	国際課	 	1610	1	1
nage@test.net	はやし　ひでお	はやし　ひでお	課長補佐	2240	企画部	国際課	 	1620	1	1
niiziwi@test.net	さいじょう　ひろし	さいじょう　ひろし	課長補佐	2240	企画部	国際課	 	1630	1	1
sigi@test.net	たちばな　さちこ	たちばな　さちこ	専門職	2240	企画部	国際課	 	1640	1	1
hifatiki@test.net	たかがき　みつほ	たかがき　みつほ	係長	2241	企画部	国際課	国際企画係	1650	1	1
isia@test.net	おおわだ　ひまり	おおわだ　ひまり	係長	2242	企画部	国際課	国際連携調整係	1660	1	1
kowikoga@test.net	よりの　しほ	よりの　しほ	係長	2243	企画部	国際課	国際協力係	1670	1	1
sisilee@test.net	たした　かつこ	たした　かつこ	係員	2244	企画部	国際課	研究交流係	1685	1	1
ihigii@test.net	しばた　しんたろう	しばた　しんたろう	室長	2250	企画部	地理空間情報企画室	 	1690	1	1
iwihishi@test.net	やました　さとる	やました　さとる	室長補佐	2250	企画部	地理空間情報企画室	 	1700	1	1
aamafi@test.net	おの　いなほ	おの　いなほ	室長補佐	2250	企画部	地理空間情報企画室	 	1710	1	1
mefikihim@test.net	いずみ　ひでき	いずみ　ひでき	係長	2251	企画部	地理空間情報企画室	情報政策係	1730	1	1
ssikimata@test.net	たらさき　まさじ	たらさき　まさじ	係長	2252	企画部	地理空間情報企画室	計画調整係	1740	1	1
nwitinige@test.net	すぎはら　みか	すぎはら　みか	係員	2252	企画部	地理空間情報企画室	計画調整係	1750	1	1
segitama@test.net	いとう　まさほ	いとう　まさほ	係長	2253	企画部	地理空間情報企画室	地理情報システム係	1760	1	1
kaki@test.net	いとう　ただし	いとう　ただし	係長	2254	企画部	地理空間情報企画室	普及指導係	1770	1	1
kitiefi@test.net	ろくじょう　ひろし	ろくじょう　ひろし	室長	2260	企画部	防災推進室	 	1780	1	1
gekisiwi@test.net	すずき　ひろたか	すずき　ひろたか	課長補佐	2260	企画部	防災推進室	 	1790	1	1
msyk@test.net	はちじょう　みなほ	はちじょう　みなほ	係長	2261	企画部	防災推進室	防災管理係	1800	1	1
mtikihishi@test.net	いちかわ　ひでき	いちかわ　ひでき	係長	2262	企画部	防災推進室	防災調整係	1810	1	1
ysegi@test.net	かん　よりこ	かん　よりこ	係長	2263	企画部	防災推進室	防災調査係	1820	1	1
hisenehi@test.net	ひだか　ひろし	ひだか　ひろし	部長	3100	測地部	 	 	1830	1	1
yihigiwi@test.net	たんの　おさみ	たんの　おさみ	測地技術調整官	3100	測地部	 	 	1840	1	1
igekiafe@test.net	しもい　つぐみ	しもい　つぐみ	課長	3110	測地部	計画課	 	1870	1	1
kofiti@test.net	くじょう　みこ	くじょう　みこ	課長補佐	3110	測地部	計画課	 	1880	1	1
ishind@test.net	みつい　ひろさち	みつい　ひろさち	課長補佐	3110	測地部	計画課	 	1890	1	1
nigie@test.net	きもと　あゆむ	きもと　あゆむ	専門職	3110	測地部	計画課	 	1900	1	1
iko@test.net	ひょうげ　まさこ	ひょうげ　まさこ	専門職	3110	測地部	計画課	 	1910	1	1
tikohie@test.net	かど　けんじ	かど　けんじ	専門職	3110	測地部	計画課	 	1920	1	1
gejisiko@test.net	わかと　りょう	わかと　りょう	検査官	3110	測地部	計画課	 	1930	1	1
kiafi@test.net	だいた　まさなお	だいた　まさなお	調査専門職	3110	測地部	計画課	 	1940	1	1
kin@test.net	かすが　まき	かすが　まき	調査専門職	3110	測地部	計画課	 	1950	1	1
iijihi@test.net	いがわ　あきら	いがわ　あきら	係長	3111	測地部	計画課	総務係	1960	1	1
yasinifi@test.net	うちやま　あつろう	うちやま　あつろう	係員	3111	測地部	計画課	総務係	1970	1	1
khifidi@test.net	かやま　しょう	かやま　しょう	係長	3112	測地部	計画課	管理係	1980	1	1
eiji@test.net	あいはら　なおゆき	あいはら　なおゆき	係長	3113	測地部	計画課	計画第一係	1990	1	1
nachiii@test.net	おおすみ　ただし	おおすみ　ただし	係員	3113	測地部	計画課	計画第一係	2000	1	1
nag@test.net	はやしばら　なおと	はやしばら　なおと	係長	3114	測地部	計画課	計画第二係	2010	1	1
kisehik@test.net	すぎはら　みえ	すぎはら　みえ	係長	3115	測地部	計画課	技術管理係	2020	1	1
kowigifi@test.net	わだ　ふじたか	わだ　ふじたか	課長	3120	測地部	測地基準課	 	2050	1	1
iyihidi@test.net	こおり　さちこ	こおり　さちこ	課長補佐	3120	測地部	測地基準課	 	2060	1	1
hitsea@test.net	かきざき　あやな	かきざき　あやな	課長補佐	3120	測地部	測地基準課	 	2070	1	1
khifi@test.net	かわら　ただひろ	かわら　ただひろ	技術専門員	3120	測地部	測地基準課	 	2080	1	1
khiyi@test.net	かきた　りつこ	かきた　りつこ	調査専門職	3120	測地部	測地基準課	 	2090	1	1
mana@test.net	おだ　ただし	おだ　ただし	指導員	3120	測地部	測地基準課	 	2100	1	1
shinyi@test.net	しちじょう　なおと	しちじょう　なおと	係長	3121	測地部	測地基準課	調査係	2110	1	1
yashitiko@test.net	さとう　がく	さとう　がく	係長	3122	測地部	測地基準課	測地標準係	2130	1	1
kaidi@test.net	かとう　こうきち	かとう　こうきち	係長	3123	測地部	測地基準課	基準管理係	2140	1	1
siifa@test.net	さと　たかただ	さと　たかただ	係長	3124	測地部	測地基準課	基準第一係	2150	1	1
ttinimefi@test.net	わきた　あきら	わきた　あきら	係員	3124	測地部	測地基準課	基準第一係	2160	1	1
echikiwi@test.net	おおさか　ただお	おおさか　ただお	係長	3125	測地部	測地基準課	基準第二係	2170	1	1
yedisita@test.net	かんざき　としひろ	かんざき　としひろ	課長	3130	測地部	物理測地課	 	2180	1	1
iyina@test.net	こやま　ひでき	こやま　ひでき	課長補佐	3130	測地部	物理測地課	 	2190	1	1
kiwii@test.net	るかわ　かおる	るかわ　かおる	課長補佐	3130	測地部	物理測地課	 	2200	1	1
kyisedi@test.net	もりした　まさ	もりした　まさ	技術専門員	3130	測地部	物理測地課	 	2210	1	1
m204131@test.net	やまき　ひろし	やまき　ひろし	指導員	3130	測地部	物理測地課	 	2230	1	1
mhinihi@test.net	さいじょう　しのぶ	さいじょう　しのぶ	調査専門職	3130	測地部	物理測地課	 	2240	1	1
hika@test.net	みふね　かつとも	みふね　かつとも	係長	3131	測地部	物理測地課	調査係	2250	1	1
shinseko@test.net	たなべ　まさみ	たなべ　まさみ	係長	3132	測地部	物理測地課	地磁気係	2260	1	1
hiwi@test.net	きだじ　くにひで	きだじ　くにひで	係員	3133	測地部	物理測地課	重力係	2280	1	1
iwitinige@test.net	こみね　みきこ	こみね　みきこ	係長	3134	測地部	物理測地課	ジオイド係	2290	1	1
kizeyashi@test.net	しろた　たかき	しろた　たかき	課長補佐	3140	測地部	宇宙測地課	 	2310	1	1
kihimefi@test.net	きだ　たかのり	きだ　たかのり	課長補佐	3140	測地部	宇宙測地課	 	2320	1	1
fyesii@test.net	くきだ　りつこ	くきだ　りつこ	技術専門員	3140	測地部	宇宙測地課	 	2330	1	1
kofadi@test.net	すざき　せいじ	すざき　せいじ	係長	3141	測地部	宇宙測地課	調査係	2350	1	1
siwihiti@test.net	くるわ　こうき	くるわ　こうき	係長	3142	測地部	宇宙測地課	基線解析係	2360	1	1
eemefi@test.net	やまもと　かずまさ	やまもと　かずまさ	係長	3143	測地部	宇宙測地課	超長基線係	2370	1	1
yihiniki@test.net	はちじょう　しょうじ	はちじょう　しょうじ	係長	3144	測地部	宇宙測地課	地球変動観測係	2380	1	1
namata@test.net	のざき　しんじ	のざき　しんじ	課長	3150	測地部	機動観測課	 	2390	1	1
tkika@test.net	わきた　しずか	わきた　しずか	課長補佐	3150	測地部	機動観測課	 	2400	1	1
mandi@test.net	あきやま　ひろみ	あきやま　ひろみ	課長補佐	3150	測地部	機動観測課	 	2410	1	1
tsekigechi@test.net	くりた　のりかず	くりた　のりかず	係長	3151	測地部	機動観測課	調査係	2420	1	1
chihiyi@test.net	えんだ　みはる	えんだ　みはる	係長	3152	測地部	機動観測課	強化観測係	2440	1	1
tasiki@test.net	ながい　いなほ	ながい　いなほ	係長	3153	測地部	機動観測課	火山観測係	2450	1	1
kyashi@test.net	ました　じろう	ました　じろう	係員	3153	測地部	機動観測課	火山観測係	2460	1	1
koniyi@test.net	かのう　たかのり	かのう　たかのり	係長	3154	測地部	機動観測課	機動観測係	2470	1	1
kkimefi@test.net	くき　たかひろ	くき　たかひろ	係員	3154	測地部	機動観測課	機動観測係	2480	1	1
sitajen@test.net	さんが　のりゆき	さんが　のりゆき	係長	3155	測地部	機動観測課	応用測地係	2490	1	1
hitashi@test.net	まきわら　ただひろ	まきわら　ただひろ	部長	3400	地理空間情報部	 	 	2500	1	1
sina@test.net	さいじょう　たかひろ	さいじょう　たかひろ	電子国土調整官	3400	地理空間情報部	 	 	2510	1	1
yhiefi@test.net	はやし　りほ	はやし　りほ	連携調整推進官	3400	地理空間情報部	 	 	2540	1	1
ikihifa@test.net	あいの　ひろこ	あいの　ひろこ	課長	3410	地理空間情報部	企画調査課	 	2550	1	1
kimefims@test.net	かぐら　いわお	かぐら　いわお	課長補佐	3410	地理空間情報部	企画調査課	 	2570	1	1
tiimefi@test.net	たかだ　いちこ	たかだ　いちこ	専門職	3410	地理空間情報部	企画調査課	 	2580	1	1
nihise@test.net	うえむら　まさたか	うえむら　まさたか	検査官	3410	地理空間情報部	企画調査課	 	2590	1	1
tidi@test.net	たやま　まほ	たやま　まほ	係長	3411	地理空間情報部	企画調査課	総務係	2600	1	1
gekoyashi@test.net	はやしがみ　いこい	はやしがみ　いこい	係長	3412	地理空間情報部	企画調査課	管理係	2610	1	1
snishia@test.net	みたか　じゅんこ	みたか　じゅんこ	主任	3412	地理空間情報部	企画調査課	管理係	2620	1	1
seki@test.net	さしはら　まさこ	さしはら　まさこ	係長	3413	地理空間情報部	企画調査課	計画第一係	2630	1	1
kiwiwi@test.net	どいはし　あき	どいはし　あき	係員	3413	地理空間情報部	企画調査課	計画第一係	2640	1	1
fyaeaa@test.net	すずき　みちこ	すずき　みちこ	係長	3414	地理空間情報部	企画調査課	計画第二係	2650	1	1
hiyiziki@test.net	たむら　みすみ	たむら　みすみ	係長	3415	地理空間情報部	企画調査課	技術管理係	2660	1	1
yae@test.net	しいな　ひろこ	しいな　ひろこ	課長	3420	地理空間情報部	情報企画課	 	2670	1	1
hisiichi@test.net	すずき　ひろあき	すずき　ひろあき	課長補佐	3420	地理空間情報部	情報企画課	 	2680	1	1
fshihine@test.net	そえじま　たかき	そえじま　たかき	課長補佐	3420	地理空間情報部	情報企画課	 	2690	1	1
ihifeyihi@test.net	しまだ　あきふさ	しまだ　あきふさ	専門職	3420	地理空間情報部	情報企画課	 	2710	1	1
tikigiki@test.net	かどわき　じろう	かどわき　じろう	専門職	3420	地理空間情報部	情報企画課	 	2720	1	1
hitini@test.net	いわい　まさお	いわい　まさお	調査専門職	3420	地理空間情報部	情報企画課	 	2740	1	1
shihi@test.net	すがわら　ひろよし	すがわら　ひろよし	調査専門職	3420	地理空間情報部	情報企画課	 	2750	1	1
iina@test.net	いがわ　よしひろ	いがわ　よしひろ	係長	3421	地理空間情報部	情報企画課	調査係	2760	1	1
kam@test.net	はら　なおと	はら　なおと	係長	3422	地理空間情報部	情報企画課	情報企画係	2770	1	1
isina@test.net	いわい　あゆみ	いわい　あゆみ	係員	3422	地理空間情報部	情報企画課	情報企画係	2780	1	1
fyin@test.net	たなべ　さき	たなべ　さき	係長	3423	地理空間情報部	情報企画課	連携調整係	2790	1	1
hifihi@test.net	わくい　かつひろ	わくい　かつひろ	係長	3424	地理空間情報部	情報企画課	ワンストップサービス係	2800	1	1
kihinigi@test.net	きど　きょうこ	きど　きょうこ	係長	3425	地理空間情報部	情報企画課	審査係	2810	1	1
nikitse@test.net	うえかわ　さねあき	うえかわ　さねあき	係長	3426	地理空間情報部	情報企画課	提供普及係	2820	1	1
koijiy@test.net	けぬ　ひろかつ	けぬ　ひろかつ	係長	3427	地理空間情報部	情報企画課	活用調査係	2830	1	1
kishiwigi@test.net	かつまた　けいこ	かつまた　けいこ	課長	3430	地理空間情報部	情報サービス課	 	2840	1	1
gakofa@test.net	ふわ　かんじ	ふわ　かんじ	課長補佐	3430	地理空間情報部	情報サービス課	 	2850	1	1
shihine@test.net	しもやま　まさき	しもやま　まさき	課長補佐	3430	地理空間情報部	情報サービス課	 	2860	1	1
snaw@test.net	さしだ　ひろただ	さしだ　ひろただ	技術専門員	3430	地理空間情報部	情報サービス課	 	2870	1	1
nagekam@test.net	ねぐろ　くみこ	ねぐろ　くみこ	技術専門員	3430	地理空間情報部	情報サービス課	 	2880	1	1
sikige@test.net	はちじょう　ひとし	はちじょう　ひとし	専門職	3430	地理空間情報部	情報サービス課	 	2890	1	1
ntakiti@test.net	すがわら　かなを	すがわら　かなを	専門職	3430	地理空間情報部	情報サービス課	 	2900	1	1
hifii@test.net	さとう　しのぶ	さとう　しのぶ	調査専門職	3430	地理空間情報部	情報サービス課	 	2910	1	1
yhima@test.net	かぐやま　みすみ	かぐやま　みすみ	指導員	3430	地理空間情報部	情報サービス課	 	2920	1	1
zisd@test.net	いちじょう　ももこ	いちじょう　ももこ	指導員	3430	地理空間情報部	情報サービス課	 	2930	1	1
kifii@test.net	むら　さちこ	むら　さちこ	指導員	3430	地理空間情報部	情報サービス課	 	2940	1	1
nigiti@test.net	うえかわ　まさる	うえかわ　まさる	係長	3431	地理空間情報部	情報サービス課	調査係	2950	1	1
thigene@test.net	くにつ　なおと	くにつ　なおと	係長	3432	地理空間情報部	情報サービス課	地理史料係	2990	1	1
aamama@test.net	のざき　みひろ	のざき　みひろ	係長	3433	地理空間情報部	情報サービス課	測量成果係	3000	1	1
tata@test.net	とさ　みつよし	とさ　みつよし	係長	3434	地理空間情報部	情報サービス課	地図成果係	3010	1	1
hiyimata@test.net	こし　ひろし	こし　ひろし	係長	3435	地理空間情報部	情報サービス課	公共測量成果保管係	3020	1	1
kaji@test.net	すざき　あきら	すざき　あきら	課長	3440	地理空間情報部	情報普及課	 	3030	1	1
yashikiwi@test.net	たかまつ　ただし	たかまつ　ただし	課長補佐	3440	地理空間情報部	情報普及課	 	3040	1	1
kineka@test.net	きっかわ　たかし	きっかわ　たかし	課長補佐	3440	地理空間情報部	情報普及課	 	3050	1	1
yiginehi@test.net	たした　さとみ	たした　さとみ	係長	3441	地理空間情報部	情報普及課	調査係	3060	1	1
tsetsehi@test.net	うどう　ひろし	うどう　ひろし	係長	3442	地理空間情報部	情報普及課	ウェブシステム係	3070	1	1
che@test.net	うどう　のりたけ	うどう　のりたけ	係長	3443	地理空間情報部	情報普及課	ネットワーク技術係	3080	1	1
kimata@test.net	かんなぎ　ひめこ	かんなぎ　ひめこ	係員	3443	地理空間情報部	情報普及課	ネットワーク技術係	3090	1	1
nkiyaiki@test.net	わかと　きみ	わかと　きみ	係長	3444	地理空間情報部	情報普及課	調整係	3100	1	1
tisiki@test.net	たちばな　とおる	たちばな　とおる	係長	3445	地理空間情報部	情報普及課	地図作成技術係	3110	1	1
tinge@test.net	すずき　みはる	すずき　みはる	係長	3446	地理空間情報部	情報普及課	応用技術係	3120	1	1
hite@test.net	すずき　ただお	すずき　ただお	課長	3450	地理空間情報部	情報システム課	 	3130	1	1
thide@test.net	るかわ　つぐのり	るかわ　つぐのり	課長補佐	3450	地理空間情報部	情報システム課	 	3140	1	1
ttiti@test.net	おだ　ひでこ	おだ　ひでこ	専門職	3450	地理空間情報部	情報システム課	 	3150	1	1
kiyana@test.net	わだ　ひでこ	わだ　ひでこ	専門職	3450	地理空間情報部	情報システム課	 	3160	1	1
isiaki@test.net	しみず　りょう	しみず　りょう	調査専門職	3450	地理空間情報部	情報システム課	 	3170	1	1
iidishi@test.net	うきた　くるみ	うきた　くるみ	係長	3451	地理空間情報部	情報システム課	情報処理係	3180	1	1
sihimeko@test.net	とうどう　まさる	とうどう　まさる	係員	3452	地理空間情報部	情報システム課	システム開発係	3195	1	1
dive@test.net	ささき　ひろし	ささき　ひろし	係長	3453	地理空間情報部	情報システム課	情報セキュリティ係	3200	1	1
kikkiwi@test.net	しじょう　かな	しじょう　かな	部長	3600	基本図情報部	 	 	3210	1	1
hikigine@test.net	はたけやま　まさじ	はたけやま　まさじ	国土基盤情報調整官	3600	基本図情報部	 	 	3220	1	1
hinye@test.net	くどう　はるお	くどう　はるお	基本図情報更新技術分析官	3600	基本図情報部	 	 	3230	1	1
yshima@test.net	きたの　れいじ	きたの　れいじ	課長	3610	基本図情報部	管理課	 	3270	1	1
kii@test.net	さいとう　きんじ	さいとう　きんじ	課長補佐	3610	基本図情報部	管理課	 	3280	1	1
mshigiti@test.net	しもやま　ひでこ	しもやま　ひでこ	課長補佐	3610	基本図情報部	管理課	 	3290	1	1
yise@test.net	おだ　つぐみ	おだ　つぐみ	専門職	3610	基本図情報部	管理課	 	3300	1	1
hiti@test.net	はせがわ　まさみ	はせがわ　まさみ	検査官	3610	基本図情報部	管理課	 	3310	1	1
anagiki@test.net	いちじょう　たかよし	いちじょう　たかよし	調査専門職	3610	基本図情報部	管理課	 	3315	1	1
niatidi@test.net	ならき　まさや	ならき　まさや	調査専門職	3610	基本図情報部	管理課	 	3317	1	1
tieka@test.net	あいはら　やすこ	あいはら　やすこ	係長	3611	基本図情報部	管理課	総務係	3320	1	1
hide@test.net	おおわだ　みつお	おおわだ　みつお	係員	3611	基本図情報部	管理課	総務係	3330	1	1
tinige@test.net	いちじょう　すみこ	いちじょう　すみこ	係長	3612	基本図情報部	管理課	管理係	3340	1	1
kijikiwi@test.net	いとう　しほ	いとう　しほ	係長	3613	基本図情報部	管理課	計画第一係	3350	1	1
asiwi@test.net	あまみ　たかお	あまみ　たかお	係長	3614	基本図情報部	管理課	計画第二係	3370	1	1
tinikig79e4@test.net	いざわ　なおと	いざわ　なおと	係長	3615	基本図情報部	管理課	技術管理係	3390	1	1
ssk@test.net	せがわ　まなぶ	せがわ　まなぶ	課長	3620	基本図情報部	基盤地図課	 	3410	1	1
yizi@test.net	かどわき　みひろ	かどわき　みひろ	課長補佐	3620	基本図情報部	基盤地図課	 	3420	1	1
singa@test.net	さしだ　あきみ	さしだ　あきみ	課長補佐	3620	基本図情報部	基盤地図課	 	3430	1	1
iniiy@test.net	いちじょう　いのり	いちじょう　いのり	課長補佐	3620	基本図情報部	基盤地図課	 	3440	1	1
wikiyihi@test.net	わたべ　かつや	わたべ　かつや	技術専門員	3620	基本図情報部	基盤地図課	 	3450	1	1
seitas@test.net	すずき　わこ	すずき　わこ	技術専門員	3620	基本図情報部	基盤地図課	 	3455	1	1
msegi@test.net	とうどう　みなみ	とうどう　みなみ	技術専門員	3620	基本図情報部	基盤地図課	 	3460	1	1
yaiidi@test.net	ふじわら　いろは	ふじわら　いろは	専門職	3620	基本図情報部	基盤地図課	 	3470	1	1
kinasiti@test.net	かつら　なおと	かつら　なおと	専門職	3620	基本図情報部	基盤地図課	 	3475	1	1
gekos@test.net	ほだか　たかのり	ほだか　たかのり	専門職	3620	基本図情報部	基盤地図課	 	3480	1	1
kosikiwi@test.net	たした　あきひろ	たした　あきひろ	専門職	3620	基本図情報部	基盤地図課	 	3490	1	1
yhittafi@test.net	もりぐち　たかひろ	もりぐち　たかひろ	調査専門職	3620	基本図情報部	基盤地図課	 	3510	1	1
kasehi@test.net	きとう　ただし	きとう　ただし	指導員	3620	基本図情報部	基盤地図課	 	3520	1	1
shihimefi@test.net	もちづき　ひろまさ	もちづき　ひろまさ	指導員	3620	基本図情報部	基盤地図課	 	3530	1	1
kifiyi@test.net	いざわ　まりこ	いざわ　まりこ	係長	3621	基本図情報部	基盤地図課	調査係	3550	1	1
simege@test.net	きだ　ひろこ	きだ　ひろこ	係長	3622	基本図情報部	基盤地図課	基盤図化係	3580	1	1
ajihi@test.net	かきもと　かつひろ	かきもと　かつひろ	係員	3622	基本図情報部	基盤地図課	基盤図化係	3590	1	1
hiyiyihi@test.net	あまみ　ひろこ	あまみ　ひろこ	係長	3623	基本図情報部	基盤地図課	基盤データベース係	3600	1	1
mmandi@test.net	かだ　みすず	かだ　みすず	係員	3623	基本図情報部	基盤地図課	基盤データベース係	3610	1	1
matideki@test.net	ひらま　さちお	ひらま　さちお	係員	3623	基本図情報部	基盤地図課	基盤データベース係	3630	1	1
ktikina@test.net	たかた　じろう	たかた　じろう	係長	3624	基本図情報部	基盤地図課	基盤地図情報係	3640	1	1
yige@test.net	かぐら　たかのり	かぐら　たかのり	係員	3624	基本図情報部	基盤地図課	基盤地図情報係	3650	1	1
hitikoyihi@test.net	くろさわ　しずか	くろさわ　しずか	係長	3625	基本図情報部	基盤地図課	位置情報係	3660	1	1
kiwimata@test.net	おの　ただし	おの　ただし	係長	3626	基本図情報部	基盤地図課	地理情報係	3670	1	1
mefikite@test.net	おきた　しん	おきた　しん	係員	3626	基本図情報部	基盤地図課	地理情報係	3680	1	1
timefi@test.net	たんば　さえ	たんば　さえ	係長	3627	基本図情報部	基盤地図課	基盤調整係	3690	1	1
myde@test.net	はちじょう　じろう	はちじょう　じろう	係員	3627	基本図情報部	基盤地図課	基盤調整係	3700	1	1
yihisiki@test.net	たちかわ　たかお	たちかわ　たかお	係員	3627	基本図情報部	基盤地図課	基盤調整係	3710	1	1
nigii@test.net	きただ　みつる	きただ　みつる	係長	3628	基本図情報部	基盤地図課	技術管理係	3720	1	1
shifita@test.net	ほやま　いなほ	ほやま　いなほ	係員	3628	基本図情報部	基盤地図課	技術管理係	3725	1	1
csameyi@test.net	たちかわ　みつあき	たちかわ　みつあき	係長	3620	基本図情報部	基盤地図課	 	3727	1	1
nigema@test.net	ますだ　ただひと	ますだ　ただひと	課長	3630	基本図情報部	地名情報課	 	3730	1	1
gigyashi@test.net	みささぎ　ひろこ	みささぎ　ひろこ	課長補佐	3630	基本図情報部	地名情報課	 	3740	1	1
fiki@test.net	よこた　みのり	よこた　みのり	課長補佐	3630	基本図情報部	地名情報課	 	3750	1	1
mhitsea@test.net	まきわら　しょうこ	まきわら　しょうこ	専門職	3630	基本図情報部	地名情報課	 	3760	1	1
hiyeki@test.net	ながみね　みつお	ながみね　みつお	専門職	3630	基本図情報部	地名情報課	 	3770	1	1
tsezeko@test.net	たもがみ　よしお	たもがみ　よしお	調査専門職	3630	基本図情報部	地名情報課	 	3780	1	1
tayaka@test.net	どい　たかき	どい　たかき	係長	3631	基本図情報部	地名情報課	調査係	3800	1	1
khiedi@test.net	ねぎし　いちた	ねぎし　いちた	係員	3631	基本図情報部	地名情報課	調査係	3810	1	1
kihie@test.net	きしやま　ただお	きしやま　ただお	係員	3632	基本図情報部	地名情報課	基本情報調査係	3840	1	1
eetiko@test.net	こひがし　こひみ	こひがし　こひみ	係長	3633	基本図情報部	地名情報課	行政区画係	3850	1	1
atai@test.net	はるま　せいこ	はるま　せいこ	係長	3634	基本図情報部	地名情報課	地名情報係	3860	1	1
yashi@test.net	うきた　たかき	うきた　たかき	係長	3635	基本図情報部	地名情報課	地理識別子係	3870	1	1
yashiki@test.net	もとやま　まさみ	もとやま　まさみ	係長	3636	基本図情報部	地名情報課	技術管理係	3880	1	1
hisita@test.net	はたけやま　ひでお	はたけやま　ひでお	課長	3640	基本図情報部	画像調査課	 	3890	1	1
nemata@test.net	なやま　ひろ	なやま　ひろ	課長補佐	3640	基本図情報部	画像調査課	 	3900	1	1
kagiyishii2si@test.net	さいとう　ただひろ	さいとう　ただひろ	課長補佐	3640	基本図情報部	画像調査課	 	3910	1	1
hiki@test.net	ちはや　しょうじ	ちはや　しょうじ	専門職	3640	基本図情報部	画像調査課	 	3930	1	1
nkoki@test.net	きうち　しんじ	きうち　しんじ	専門職	3640	基本図情報部	画像調査課	 	3940	1	1
takodame@test.net	とし　なおと	とし　なおと	係長	3641	基本図情報部	画像調査課	調査係	3960	1	1
sikii@test.net	こじろい　かなこ	こじろい　かなこ	係員	3641	基本図情報部	画像調査課	調査係	3970	1	1
nikihine@test.net	うえの　かずまさ	うえの　かずまさ	係長	3642	基本図情報部	画像調査課	機動撮影係	3980	1	1
nishiki@test.net	くきむら　かおる	くきむら　かおる	係員	3642	基本図情報部	画像調査課	機動撮影係	3990	1	1
ynishii@test.net	ひがしお　あきこ	ひがしお　あきこ	係員	3642	基本図情報部	画像調査課	機動撮影係	4000	1	1
ehinat@test.net	かなもと　とおる	かなもと　とおる	係長	3643	基本図情報部	画像調査課	応用調査係	4010	1	1
siiti@test.net	わかと　よしひろ	わかと　よしひろ	係員	3643	基本図情報部	画像調査課	応用調査係	4020	1	1
kihiti@test.net	きたむら　かなこ	きたむら　かなこ	係長	3644	基本図情報部	画像調査課	写真図係	4030	1	1
tikisis@test.net	さど　ひろまさ	さど　ひろまさ	係長	3645	基本図情報部	画像調査課	画像データベース係	4040	1	1
inda@test.net	とうじょう　ひでひさ	とうじょう　ひでひさ	係長	3646	基本図情報部	画像調査課	三次元地理情報係	4050	1	1
akimefi@test.net	きね　ひろし	きね　ひろし	係長	3647	基本図情報部	画像調査課	技術管理係	4060	1	1
ayihi@test.net	おのでら　ひろあき	おのでら　ひろあき	室長	3650	基本図情報部	地図情報技術開発室	 	4070	1	1
sinage@test.net	わきた　みあき	わきた　みあき	室長補佐	3650	基本図情報部	地図情報技術開発室	 	4080	1	1
kiwiti@test.net	みなと　みひろ	みなと　みひろ	係長	3651	基本図情報部	地図情報技術開発室	調査係	4090	1	1
tahi@test.net	すずき　みつのり	すずき　みつのり	係長	3652	基本図情報部	地図情報技術開発室	技術開発第一係	4100	1	1
hisihite@test.net	いとう　あい	いとう　あい	係長	3653	基本図情報部	地図情報技術開発室	技術開発第二係	4110	1	1
mefiaki@test.net	ふなぼり　まさこ	ふなぼり　まさこ	係員	3653	基本図情報部	地図情報技術開発室	技術開発第二係	4120	1	1
aziki@test.net	うきた　まさこ	うきた　まさこ	係長	3654	基本図情報部	地図情報技術開発室	技術開発第三係	4130	1	1
kajifai@test.net	おおの　じろう	おおの　じろう	係員	3654	基本図情報部	地図情報技術開発室	技術開発第三係	4140	1	1
fya@test.net	にじょう　ひろこ	にじょう　ひろこ	部長	3800	応用地理部	 	 	4150	1	1
akige@test.net	しみず　まほ	しみず　まほ	環境地理情報企画官	3800	応用地理部	 	 	4160	1	1
nikigiwi@test.net	うえやま　ひでみ	うえやま　ひでみ	課長	3810	応用地理部	企画課	 	4190	1	1
tkidawiki@test.net	みたか　りつこ	みたか　りつこ	課長補佐	3810	応用地理部	企画課	 	4200	1	1
tkagi@test.net	かなもと　たつや	かなもと　たつや	課長補佐	3810	応用地理部	企画課	 	4210	1	1
kisijihi@test.net	しみず　のりこ	しみず　のりこ	技術専門員	3810	応用地理部	企画課	 	4220	1	1
tkimefi@test.net	もりした　ひみ	もりした　ひみ	専門職	3810	応用地理部	企画課	 	4230	1	1
negishi@test.net	もろだ　まさみ	もろだ　まさみ	検査官	3810	応用地理部	企画課	 	4240	1	1
imq@test.net	いずみ　けんと	いずみ　けんと	調査専門職	3810	応用地理部	企画課	 	4250	1	1
eeshigi@test.net	こもと　さち	こもと　さち	係長	3811	応用地理部	企画課	総務係	4260	1	1
yakai@test.net	くわばら　しずか	くわばら　しずか	主任	3811	応用地理部	企画課	総務係	4270	1	1
tetse@test.net	みむら　ひろこ	みむら　ひろこ	係長	3812	応用地理部	企画課	管理係	4280	1	1
yyihidi@test.net	うきた　たかよし	うきた　たかよし	係長	3813	応用地理部	企画課	企画第一係	4290	1	1
nkita@test.net	たかむら　いつき	たかむら　いつき	係員	3813	応用地理部	企画課	企画第一係	4300	1	1
kaishi@test.net	こひがし　みさこ	こひがし　みさこ	係長	3814	応用地理部	企画課	企画第二係	4310	1	1
tnikina@test.net	しいな　ようじ	しいな　ようじ	係員	3814	応用地理部	企画課	企画第二係	4320	1	1
gihi@test.net	ますだ　くにひろ	ますだ　くにひろ	係長	3815	応用地理部	企画課	技術管理係	4330	1	1
nikihifa@test.net	うえむら　りほ	うえむら　りほ	課長	3820	応用地理部	環境地理課	 	4340	1	1
tseji@test.net	いちじょう　たつお	いちじょう　たつお	課長補佐	3820	応用地理部	環境地理課	 	4350	1	1
eedi@test.net	さいとう　まさむね	さいとう　まさむね	課長補佐	3820	応用地理部	環境地理課	 	4360	1	1
gwmandi@test.net	きたの　ただし	きたの　ただし	技術専門員	3820	応用地理部	環境地理課	 	4370	1	1
ikotse@test.net	いなば　りほ	いなば　りほ	専門職	3820	応用地理部	環境地理課	 	4390	1	1
yitige@test.net	さいじょう　しほ	さいじょう　しほ	指導員	3820	応用地理部	環境地理課	 	4400	1	1
achi@test.net	おの　かおる	おの　かおる	係長	3821	応用地理部	環境地理課	管理係	4410	1	1
chitini@test.net	そえじま　よしお	そえじま　よしお	係長	3822	応用地理部	環境地理課	環境地理情報調査係	4420	1	1
ymataji@test.net	もり　さゆり	もり　さゆり	係員	3822	応用地理部	環境地理課	環境地理情報調査係	4430	1	1
msita@test.net	みたらし　ひでよし	みたらし　ひでよし	係長	3823	応用地理部	環境地理課	国土環境モニタリング係	4440	1	1
kindi@test.net	きたざき　きょうこ	きたざき　きょうこ	係員	3824	応用地理部	環境地理課	地球地図整備係	4460	1	1
kakida@test.net	ひだか　かつあき	ひだか　かつあき	係員	3824	応用地理部	環境地理課	地球地図整備係	4470	1	1
shimaji@test.net	しばた　ひろこ	しばた　ひろこ	係長	3825	応用地理部	環境地理課	湖沼湿原調査係	4480	1	1
segiwifi@test.net	えざき　ひさこ	えざき　ひさこ	課長	3830	応用地理部	防災地理課	 	4500	1	1
mashikiwi@test.net	かきた　いさお	かきた　いさお	課長補佐	3830	応用地理部	防災地理課	 	4510	1	1
kkita@test.net	いざわ　こころ	いざわ　こころ	課長補佐	3830	応用地理部	防災地理課	 	4520	1	1
akiko@test.net	かんだ　うみさち	かんだ　うみさち	技術専門員	3830	応用地理部	防災地理課	 	4530	1	1
hinda@test.net	ましま　さだたか	ましま　さだたか	技術専門員	3830	応用地理部	防災地理課	 	4540	1	1
hishika@test.net	さくらば　たくし	さくらば　たくし	専門職	3830	応用地理部	防災地理課	 	4550	1	1
inaee@test.net	いちじょう　ひろみ	いちじょう　ひろみ	専門職	3830	応用地理部	防災地理課	 	4560	1	1
isiki@test.net	いわい　ひろこ	いわい　ひろこ	専門職	3830	応用地理部	防災地理課	 	4570	1	1
mmt@test.net	しまだ　たつお	しまだ　たつお	係長	3831	応用地理部	防災地理課	管理係	4580	1	1
hishimata@test.net	たんの　くにおみ	たんの　くにおみ	係長	3832	応用地理部	防災地理課	土地条件調査係	4610	1	1
yeki@test.net	よこた　みのる	よこた　みのる	係長	3833	応用地理部	防災地理課	活断層情報係	4620	1	1
kkayihi@test.net	いざわ　ただし	いざわ　ただし	係長	3834	応用地理部	防災地理課	防災地理情報係	4630	1	1
kagik@test.net	いちじょう　ひろこ	いちじょう　ひろこ	係長	3835	応用地理部	防災地理課	災害地理調査係	4640	1	1
yihidiya@test.net	えだわき　ひろあき	えだわき　ひろあき	係長	3836	応用地理部	防災地理課	火山調査係	4650	1	1
ichigi@test.net	こまい　のりや	こまい　のりや	課長	3840	応用地理部	応用地図課	 	4660	1	1
mhitseefi@test.net	しらと　てるみ	しらと　てるみ	課長補佐	3840	応用地理部	応用地図課	 	4670	1	1
nikina@test.net	みたに　わかな	みたに　わかな	課長補佐	3840	応用地理部	応用地図課	 	4680	1	1
hisemefi@test.net	ひらさわ　まもり	ひらさわ　まもり	専門職	3840	応用地理部	応用地図課	 	4690	1	1
hifam@test.net	ひのえ　たかひろ	ひのえ　たかひろ	専門職	3840	応用地理部	応用地図課	 	4700	1	1
yashiaki@test.net	たきだ　あきら	たきだ　あきら	指導員	3840	応用地理部	応用地図課	 	4710	1	1
myihia@test.net	だて　ただひろ	だて　ただひろ	係長	3841	応用地理部	応用地図課	管理係	4720	1	1
tsegisi@test.net	にながわ　かなこ	にながわ　かなこ	係長	3842	応用地理部	応用地図課	中縮尺編集係	4740	1	1
skihiyihi@test.net	いせき　ひろし	いせき　ひろし	係長	3843	応用地理部	応用地図課	小縮尺編集係	4780	1	1
hitseziki@test.net	きら　いさみ	きら　いさみ	係長	3844	応用地理部	応用地図課	広域地図情報係	4790	1	1
nikii@test.net	こもり　かつひろ	こもり　かつひろ	係員	3844	応用地理部	応用地図課	広域地図情報係	4800	1	1
mafiyeki@test.net	ほんだ　ひでき	ほんだ　ひでき	係長	3845	応用地理部	応用地図課	災害対策地理情報係	4810	1	1
nehiti@test.net	たちばな　いくこ	たちばな　いくこ	係長	3846	応用地理部	応用地図課	三次元地図調製係	4820	1	1
mshidi@test.net	いもと　まさゆき	いもと　まさゆき	係長	3847	応用地理部	応用地図課	数値地図調製係	4830	1	1
nige@test.net	かねだ　ひろこ	かねだ　ひろこ	部長	6100	北海道	 	 	5410	2	1
nema@test.net	ろくじょう　ひろみ	ろくじょう　ひろみ	次長	6100	北海道	 	 	5420	2	1
kois@test.net	ほうきだ　ただし	ほうきだ　ただし	課長	6110	北海道	管理課	 	5450	2	1
yisina@test.net	だて　まさみ	だて　まさみ	係長	6111	北海道	管理課	総務係	5460	2	1
iwhiwihi@test.net	かきざき　さねたか	かきざき　さねたか	係長	6112	北海道	管理課	管理係	5470	2	1
genitse@test.net	とうじょう　ひふみ	とうじょう　ひふみ	課長	6120	北海道	測量課	 	5480	2	1
akihifi@test.net	やました　いずみ	やました　いずみ	技術専門員	6120	北海道	測量課	 	5490	2	1
menda@test.net	まつもと　しょうじ	まつもと　しょうじ	技術専門員	6120	北海道	測量課	 	5500	2	1
inigi@test.net	いちじょう　あつみ	いちじょう　あつみ	専門職	6120	北海道	測量課	 	5510	2	1
sikiti@test.net	さんじょう　のぶひろ	さんじょう　のぶひろ	専門職	6120	北海道	測量課	 	5520	2	1
kaida@test.net	かぐやま　たかのり	かぐやま　たかのり	専門職	6120	北海道	測量課	 	5530	2	1
nigiyihi@test.net	うえの　ひろし	うえの　ひろし	調査専門職	6120	北海道	測量課	 	5540	2	1
afiafi@test.net	おおさか　まさこ	おおさか　まさこ	調査専門職	6120	北海道	測量課	 	5550	2	1
kyashihidi@test.net	もり　ゆりこ	もり　ゆりこ	係長	6121	北海道	測量課	調査係	5560	2	1
sikimata@test.net	うえむら　ひろき	うえむら　ひろき	主任	6121	北海道	測量課	調査係	5570	2	1
gata@test.net	ながい　よしのり	ながい　よしのり	係長	6122	北海道	測量課	測量第一係	5580	2	1
hidekitse@test.net	たちかわ　みわこ	たちかわ　みわこ	係長	6123	北海道	測量課	測量第二係	5590	2	1
kigiwi@test.net	からさわ　ひでこ	からさわ　ひでこ	部長	6200	東北	 	 	5600	2	1
asimen@test.net	しむら　まさひこ	しむら　まさひこ	次長	6200	東北	 	 	5610	2	1
tasiw@test.net	ひがしの　ただお	ひがしの　ただお	課長	6210	東北	管理課	 	5640	2	1
hitse@test.net	こいせ　もりお	こいせ　もりお	係長	6211	東北	管理課	総務係	5650	2	1
yehika@test.net	ささやま　ひでひさ	ささやま　ひでひさ	主任	6211	東北	管理課	総務係	5660	2	1
tetseyi@test.net	たちかわ　まりこ	たちかわ　まりこ	係長	6212	東北	管理課	管理係	5670	2	1
kigeyihi@test.net	はちじょう　まもる	はちじょう　まもる	課長	6220	東北	測量課	 	5690	2	1
ysegiti@test.net	おきた　しょうじ	おきた　しょうじ	技術専門員	6220	東北	測量課	 	5700	2	1
sezeki@test.net	しいな　いなほ	しいな　いなほ	技術専門員	6220	東北	測量課	 	5710	2	1
kaifii@test.net	だて　こうた	だて　こうた	専門職	6220	東北	測量課	 	5720	2	1
jenichi@test.net	まつもと　こうきち	まつもと　こうきち	専門職	6220	東北	測量課	 	5730	2	1
skiwimata@test.net	しょうじ　たもつ	しょうじ　たもつ	専門職	6220	東北	測量課	 	5740	2	1
nhisi@test.net	あまみ　のぶひろ	あまみ　のぶひろ	調査専門職	6220	東北	測量課	 	5750	2	1
hisikim@test.net	まきはら　ひろあき	まきはら　ひろあき	係長	6221	東北	測量課	調査係	5760	2	1
sisigiwi@test.net	ささだ　まさこ	ささだ　まさこ	係長	6222	東北	測量課	測量第一係	5770	2	1
shiihishi@test.net	すがわら　あきら	すがわら　あきら	係長	6223	東北	測量課	測量第二係	5790	2	1
echi@test.net	きのした　かんじ	きのした　かんじ	部長	6300	関東	 	 	5800	2	1
tseki@test.net	すずき　のりお	すずき　のりお	次長	6300	関東	 	 	5810	2	1
tikiti@test.net	しみず　ゆき	しみず　ゆき	課長	6310	関東	管理課	 	5830	2	1
knikigiwi@test.net	ねじろ　けいぞう	ねじろ　けいぞう	専門職	6310	関東	管理課	 	5840	2	1
iwisikit@test.net	だいた　くみこ	だいた　くみこ	係長	6311	関東	管理課	総務係	5850	2	1
ikifis@test.net	いがわ　たかよし	いがわ　たかよし	係長	6312	関東	管理課	管理係	5860	2	1
jin@test.net	とおした　あい	とおした　あい	課長	6320	関東	測量課	 	5880	2	1
shin@test.net	はやし　ひでゆき	はやし　ひでゆき	技術専門員	6320	関東	測量課	 	5890	2	1
hita@test.net	まつもと　しげる	まつもと　しげる	専門職	6320	関東	測量課	 	5930	2	1
tsenea@test.net	みうら　いちご	みうら　いちご	専門職	6320	関東	測量課	 	5940	2	1
nishina@test.net	ほうじょう　ちかこ	ほうじょう　ちかこ	調査専門職	6320	関東	測量課	 	5950	2	1
hinita@test.net	あいはら　みさき	あいはら　みさき	指導員	6320	関東	測量課	 	5960	2	1
mnikigiw@test.net	はりま　くにお	はりま　くにお	係長	6321	関東	測量課	調査係	5970	2	1
tagiti@test.net	しちじょう　みひろ	しちじょう　みひろ	係長	6322	関東	測量課	測量第一係	5980	2	1
tkame@test.net	かさもり　いさみ	かさもり　いさみ	係員	6322	関東	測量課	測量第一係	5990	2	1
atshihize@test.net	こひなた　しげる	こひなた　しげる	係長	6323	関東	測量課	測量第二係	6000	2	1
aziwi@test.net	いちじょう　ただあき	いちじょう　ただあき	係長	6324	関東	測量課	成果係	6010	2	1
enikigiwi@test.net	ごとう　きよたか	ごとう　きよたか	課長	6330	関東	防災課	 	6020	2	1
skofi@test.net	うえき　たくみ	うえき　たくみ	係長	6331	関東	防災課	防災企画係	6030	2	1
kazita@test.net	くさか　さつき	くさか　さつき	係長	6332	関東	防災課	防災情報係	6040	2	1
tamama@test.net	いざわ　のぼる	いざわ　のぼる	部長	6400	北陸	 	 	6050	2	1
hifashi@test.net	あいはら　ひでこ	あいはら　ひでこ	課長	6410	北陸	管理課	 	6080	2	1
tsita@test.net	たき　けんぞう	たき　けんぞう	係長	6411	北陸	管理課	総務係	6090	2	1
itseka@test.net	たちかわ　あきお	たちかわ　あきお	係長	6412	北陸	管理課	管理係	6100	2	1
kanishi@test.net	はるた　さき	はるた　さき	主任	6412	北陸	管理課	管理係	6110	2	1
sigehite@test.net	うえやま　せいこ	うえやま　せいこ	課長	6420	北陸	測量課	 	6120	2	1
tindii@test.net	すずき　つねお	すずき　つねお	専門職	6420	北陸	測量課	 	6130	2	1
iwishiti@test.net	いとう　じゅんこ	いとう　じゅんこ	専門職	6420	北陸	測量課	 	6140	2	1
yaetseki@test.net	よりの　かなこ	よりの　かなこ	専門職	6420	北陸	測量課	 	6150	2	1
hisiai@test.net	ならた　ただのり	ならた　ただのり	調査専門職	6420	北陸	測量課	 	6160	2	1
fkoga@test.net	あきやま　のりよ	あきやま　のりよ	係長	6421	北陸	測量課	調査係	6170	2	1
yakakiwi@test.net	たかまつ　かつひで	たかまつ　かつひで	係長	6422	北陸	測量課	測量第一係	6180	2	1
tikisihi@test.net	はちじょう　しん	はちじょう　しん	係長	6423	北陸	測量課	測量第二係	6200	2	1
kahi2k@test.net	にじょう　ひろし	にじょう　ひろし	部長	6500	中部	 	 	6210	2	1
nikimefi@test.net	ひだ　あき	ひだ　あき	次長	6500	中部	 	 	6220	2	1
isi@test.net	たきだ　さちお	たきだ　さちお	課長	6510	中部	管理課	 	6250	2	1
ikoa@test.net	しんきど　たかえ	しんきど　たかえ	専門職	6510	中部	管理課	 	6260	2	1
ige@test.net	しば　ひろこ	しば　ひろこ	係長	6511	中部	管理課	総務係	6270	2	1
ymafi@test.net	あきやま　まさこ	あきやま　まさこ	主任	6511	中部	管理課	総務係	6280	2	1
sma@test.net	ひがしの　ただし	ひがしの　ただし	係長	6512	中部	管理課	管理係	6290	2	1
kiwise@test.net	さわだ　ひろし	さわだ　ひろし	課長	6520	中部	測量課	 	6300	2	1
tisi@test.net	たかむら　まさかず	たかむら　まさかず	技術専門員	6520	中部	測量課	 	6310	2	1
yakayihi@test.net	たかがき　のぼる	たかがき　のぼる	技術専門員	6520	中部	測量課	 	6320	2	1
yisehifa@test.net	さいとう　つとむ	さいとう　つとむ	専門職	6520	中部	測量課	 	6340	2	1
hisiya@test.net	もり　ひろかつ	もり　ひろかつ	調査専門職	6520	中部	測量課	 	6350	2	1
nifiti@test.net	わくい　ただし	わくい　ただし	係長	6521	中部	測量課	調査係	6360	2	1
tikoshihize@test.net	のざき　まこ	のざき　まこ	係長	6522	中部	測量課	測量第一係	6370	2	1
mafishiti@test.net	かしい　まなみ	かしい　まなみ	係長	6523	中部	測量課	測量第二係	6380	2	1
kizedai@test.net	うえかわ　たつや	うえかわ　たつや	部長	6600	近畿	 	 	6390	2	1
ana@test.net	てらうち　じろう	てらうち　じろう	次長	6600	近畿	 	 	6400	2	1
kifisiwi@test.net	なざし　しずか	なざし　しずか	課長	6610	近畿	管理課	 	6430	2	1
witiniges92ti@test.net	さが　いさみ	さが　いさみ	係長	6611	近畿	管理課	総務係	6440	2	1
nagihi@test.net	たべ　ひろこ	たべ　ひろこ	係長	6612	近畿	管理課	管理係	6450	2	1
yyihi@test.net	たやま　くみこ	たやま　くみこ	課長	6620	近畿	測量課	 	6460	2	1
syihidi@test.net	なかこし　ひろこ	なかこし　ひろこ	技術専門員	6620	近畿	測量課	 	6470	2	1
chiyishi@test.net	うえむら　ひろこ	うえむら　ひろこ	技術専門員	6620	近畿	測量課	 	6480	2	1
kiz@test.net	もがみ　りょう	もがみ　りょう	専門職	6620	近畿	測量課	 	6490	2	1
sifii@test.net	ごじょう　めぐみ	ごじょう　めぐみ	専門職	6620	近畿	測量課	 	6500	2	1
sinahiyi@test.net	ささき　みほ	ささき　みほ	専門職	6620	近畿	測量課	 	6510	2	1
gejii@test.net	はやし　たくや	はやし　たくや	係長	6621	近畿	測量課	調査係	6520	2	1
hidehi@test.net	はら　まさみ	はら　まさみ	係長	6622	近畿	測量課	測量第一係	6530	2	1
kadihit@test.net	かのう　きみこ	かのう　きみこ	係長	6623	近畿	測量課	測量第二係	6540	2	1
mtamy@test.net	いわた　あきこ	いわた　あきこ	係長	6624	近畿	測量課	成果係	6550	2	1
dai@test.net	しょうじ　ただひろ	しょうじ　ただひろ	部長	6700	中国	 	 	6560	2	1
sitahi@test.net	おきた　ひろし	おきた　ひろし	次長	6700	中国	 	 	6570	2	1
wikii@test.net	しいな　まこと	しいな　まこと	課長	6710	中国	管理課	 	6600	2	1
matiki@test.net	まなべ　かさね	まなべ　かさね	専門職	6710	中国	管理課	 	6610	2	1
isahife@test.net	いざわ　ただし	いざわ　ただし	係長	6711	中国	管理課	総務係	6620	2	1
tikisin@test.net	たかた　たろう	たかた　たろう	係長	6712	中国	管理課	管理係	6630	2	1
itigishi@test.net	おの　あき	おの　あき	課長	6720	中国	測量課	 	6640	2	1
hizetini@test.net	いなば　たかし	いなば　たかし	技術専門員	6720	中国	測量課	 	6650	2	1
shigi@test.net	かしわ　まさなお	かしわ　まさなお	専門職	6720	中国	測量課	 	6660	2	1
matan@test.net	ひだか　ただお	ひだか　ただお	専門職	6720	中国	測量課	 	6670	2	1
mhitie@test.net	かつた　ゆうき	かつた　ゆうき	調査専門職	6720	中国	測量課	 	6680	2	1
hifi@test.net	えざき　けん	えざき　けん	係長	6721	中国	測量課	調査係	6690	2	1
teena@test.net	わたべ　ただし	わたべ　ただし	係長	6723	中国	測量課	測量第二係	6710	2	1
gilcan@test.net	ふじい　しょうぞう	ふじい　しょうぞう	部長	6800	四国	 	 	6720	2	1
kiy@test.net	たかだ　よしじ	たかだ　よしじ	課長	6810	四国	管理課	 	6750	2	1
kiyi@test.net	そえじま　えりこ	そえじま　えりこ	専門職	6810	四国	管理課	 	6760	2	1
higa@test.net	みいけ　ひでこ	みいけ　ひでこ	指導員	6810	四国	管理課	 	6770	2	1
seginehi@test.net	いとう　しなこ	いとう　しなこ	係長	6811	四国	管理課	総務係	6780	2	1
mmashina@test.net	こしば　こうせい	こしば　こうせい	係長	6812	四国	管理課	管理係	6790	2	1
mnemata@test.net	しみず　ゆか	しみず　ゆか	課長	6820	四国	測量課	 	6800	2	1
segina@test.net	こまだ　たまこ	こまだ　たまこ	専門職	6820	四国	測量課	 	6810	2	1
tako@test.net	さいとう　かこ	さいとう　かこ	専門職	6820	四国	測量課	 	6820	2	1
tnisimefi@test.net	そえじま　しのぶ	そえじま　しのぶ	係長	6821	四国	測量課	調査係	6830	2	1
ikifihise@test.net	さいとう　よしお	さいとう　よしお	係長	6822	四国	測量課	測量第一係	6840	2	1
tefishihi@test.net	いがわ　ときこ	いがわ　ときこ	係長	6823	四国	測量課	測量第二係	6850	2	1
eedihiyi@test.net	はら　ただし	はら　ただし	部長	6900	九州	 	 	6860	2	1
nkishimata@test.net	ななかわ　ただし	ななかわ　ただし	次長	6900	九州	 	 	6870	2	1
aatiki@test.net	おおわだ　しずか	おおわだ　しずか	課長	6910	九州	管理課	 	6900	2	1
edi@test.net	そえじま　まいこ	そえじま　まいこ	係長	6911	九州	管理課	総務係	6910	2	1
egekiwi@test.net	しむら　つくし	しむら　つくし	係長	6912	九州	管理課	管理係	6920	2	1
nageyi@test.net	ほむら　おくや	ほむら　おくや	技術専門員	6920	九州	測量課	 	6940	2	1
ksikii@test.net	こいし　みほ	こいし　みほ	専門職	6920	九州	測量課	 	6950	2	1
yihimata@test.net	おのでら　みつのり	おのでら　みつのり	専門職	6920	九州	測量課	 	6960	2	1
mafizehi@test.net	もと　せいじ	もと　せいじ	専門職	6920	九州	測量課	 	6970	2	1
iiti@test.net	あきやま　ふみ	あきやま　ふみ	係長	6921	九州	測量課	調査係	6980	2	1
fkiwigiti@test.net	もと　いつき	もと　いつき	係長	6922	九州	測量課	測量第一係	6990	2	1
hitsemefi@test.net	さいじょう　のぞみ	さいじょう　のぞみ	係長	6923	九州	測量課	測量第二係	7000	2	1
afikisi@test.net	うえの　たかこ	うえの　たかこ	非常勤職員	2200	企画部	 	 	10000	1	2
ggsita@test.net	えんだ　いさお	えんだ　いさお	非常勤職員	2220	企画部	技術管理課	 	10000	1	2
hise@test.net	ひらまつ　みずな	ひらまつ　みずな	非常勤職員	2230	企画部	測量指導課	 	10000	1	2
ishiziki@test.net	どうがみ　あきお	どうがみ　あきお	非常勤職員	3100	測地部	 	 	10000	1	2
ene@test.net	ごとう　ゆりこ	ごとう　ゆりこ	非常勤職員	3100	測地部	 	 	10000	1	2
kyihi@test.net	もろがみ　こういち	もろがみ　こういち	非常勤職員	3130	測地部	物理測地課	 	10000	1	2
chiekai@test.net	うちやま　まこ	うちやま　まこ	非常勤職員	3400	地理空間情報部	 	 	10000	1	2
kajihi@test.net	こしだ　つぐみ	こしだ　つぐみ	非常勤職員	3400	地理空間情報部	 	 	10000	1	2
yekka@test.net	にじょう　ただひろ	にじょう　ただひろ	非常勤職員	3600	基本図情報部	 	 	10000	1	2
siitag@test.net	はちじょう　ようへい	はちじょう　ようへい	非常勤職員	3600	基本図情報部	 	 	10000	1	2
jenka@test.net	こいた　じろう	こいた　じろう	非常勤職員	3600	基本図情報部	 	 	10000	1	2
emesiwi@test.net	そえじま　しなこ	そえじま　しなこ	非常勤職員	3600	基本図情報部	 	 	10000	1	2
iwiti@test.net	さわだ　まみ	さわだ　まみ	非常勤職員	3800	応用地理部	 	 	10000	1	2
iakim@test.net	しちじょう　まもる	しちじょう　まもる	非常勤職員	3800	応用地理部	 	 	10000	1	2
denpaeyi@test.net	うちやま　けんじ	うちやま　けんじ	非常勤職員	3820	応用地理部	環境地理課	 	10000	1	2
nadi@test.net	こまだ　ただし	こまだ　ただし	非常勤職員	6100	北海道	 	 	10000	2	2
nemakoy@test.net	たべ　まこと	たべ　まこと	非常勤職員	6100	北海道	 	 	10000	2	2
nikihishi@test.net	うえき　なおと	うえき　なおと	非常勤職員	6200	東北	 	 	10000	2	2
shiyisi@test.net	はちじょう　しほ	はちじょう　しほ	非常勤職員	6200	東北	 	 	10000	2	2
tite@test.net	たんば　ひろし	たんば　ひろし	非常勤職員	6300	関東	 	 	10000	2	2
sekiziki@test.net	しろた　じゅんこ	しろた　じゅんこ	非常勤職員	6320	関東	測量課	 	10000	2	2
mg@test.net	いなば　まさる	いなば　まさる	非常勤職員	6320	関東	測量課	 	10000	2	2
hini@test.net	ごとう　あいのすけ	ごとう　あいのすけ	非常勤職員	6400	北陸	 	 	10000	2	2
kitse@test.net	やました　かずしげ	やました　かずしげ	非常勤職員	6500	中部	 	 	10000	2	2
kiwisiki@test.net	すだ　まほ	すだ　まほ	非常勤職員	6500	中部	 	 	10000	2	2
mhitse@test.net	まえばし　わたろう	まえばし　わたろう	非常勤職員	6600	近畿	 	 	10000	2	2
shimadi@test.net	たにむら　かんぞう	たにむら　かんぞう	非常勤職員	6600	近畿	 	 	10000	2	2
ystiniki@test.net	すずき　たつこ	すずき　たつこ	非常勤職員	6700	中国	 	 	10000	2	2
tihi@test.net	しむら　ひろみつ	しむら　ひろみつ	非常勤職員	6700	中国	 	 	10000	2	2
hinihi@test.net	まどか　ただし	まどか　ただし	非常勤職員	6800	四国	 	 	10000	2	2
nikijihi@test.net	ひだ　かしい	ひだ　かしい	非常勤職員	6800	四国	 	 	10000	2	2
gefeyi@test.net	しもい　ひろのり	しもい　ひろのり	非常勤職員	6900	九州	 	 	10000	2	2
iniziwi@test.net	きりた　まさき	きりた　まさき	非常勤職員	6900	九州	 	 	10000	2	2
